{"run_time": [6.4e-05, 6.4e-05, 6.4e-05, 7.2e-05, 7.2e-05, 7.6e-05, 7.6e-05, 7.6e-05, 0.011588, 0.110368, 2.173244, 2.65582, 3.342512, 3.621284, 4.211108, 4.30496, 4.857956, 5.086756, 6.613312, 7.15404, 7.725764, 9.093324, 9.920048, 12.348948, 14.106788, 16.337984, 16.818516, 21.5301, 21.874004, 22.666576, 24.5898, 31.073656], "difference_to_first": [0.0, 0.0, 0.0, 8.000000000000005e-06, 8.000000000000005e-06, 1.2000000000000007e-05, 1.2000000000000007e-05, 1.2000000000000007e-05, 0.011524, 0.110304, 2.17318, 2.655756, 3.342448, 3.62122, 4.211044, 4.304896, 4.857892, 5.086692, 6.613248, 7.153976, 7.7257, 9.09326, 9.919984, 12.348884, 14.106724, 16.33792, 16.818452, 21.530036000000003, 21.87394, 22.666512, 24.589736000000002, 31.073592], "run_nr": [2, 4, 10, 30, 33, 1, 29, 34, 31, 15, 27, 6, 11, 7, 46, 44, 3, 14, 23, 20, 28, 16, 25, 22, 37, 39, 42, 36, 38, 41, 40, 21], "checkpoint_time": [2e-05, 2.4e-05, 2e-05, 2.4e-05, 2.4e-05, 2.4e-05, 2.4e-05, 2.4e-05, 2.4e-05, 0.002572, 2.135108, 2.655776, 3.342468, 3.621244, 1.738192, 1.792724, 4.857912, 2.4e-05, 0.291396, 2.4e-05, 2e-05, 2.813444, 1.793648, 5.679292, 14.106748, 6.392784, 2.769824, 8.932556, 4.263396, 5.330488, 11.373432, 2.8e-05], "team_name": ["team2", "team4", "jjooo", "kdsgjs", "teamblaaaa", "newTeam", "asda", "sdfsd", "ijpoii", "huhuiuhoh", "tuuuu", "4000", "jouuu", "hhoiho", "blaaaa", "teamloooossss", "team3", "newteam", "jioio", "sfpos", "poijdsojd", "ijijo", "ijoijjh", "teeam", "looooos", "du", "asdasdaasd", "blblaaaaaa", "uzuziuh", "teambla", "DU", "team5000"]}