{"run_time": [7.6e-05, 6.4e-05, 4.857956, 6.4e-05, 11.578512, 2.65582, 3.621284, 16.568984, 14.185508, 6.4e-05, 3.342512, 15.2664, 7.0025, 5.086756, 0.110368, 9.093324, 12.68428, 46.523668, 12.37612, 7.15404, 31.073656, 12.348948, 6.613312, 10.837236, 9.920048, 0.513512, 2.173244, 7.725764, 7.6e-05, 7.2e-05, 0.011588, 14.531408, 7.2e-05, 7.6e-05, 40.732596, 21.5301, 14.106788, 21.874004, 16.337984, 24.5898, 22.666576, 16.818516, 492.889088, 4.30496, 4.919736, 4.211108], "run_nr": [1, 2, 3, 4, 5, 6, 7, 8, 9, 10, 11, 12, 13, 14, 15, 16, 17, 18, 19, 20, 21, 22, 23, 24, 25, 26, 27, 28, 29, 30, 31, 32, 33, 34, 35, 36, 37, 38, 39, 40, 41, 42, 43, 44, 45, 46], "checkpoint_time": [2.4e-05, 2e-05, 4.857912, 2.4e-05, 7.487452, 2.655776, 3.621244, 3.748368, 2.4e-05, 2e-05, 3.342468, 3.673728, 6.939976, 2.4e-05, 0.002572, 2.813444, 2e-05, 4.648504, 1.302028, 2.4e-05, 2.8e-05, 5.679292, 0.291396, 4.975468, 1.793648, 2.4e-05, 2.135108, 2e-05, 2.4e-05, 2.4e-05, 2.4e-05, 7.179724, 2.4e-05, 2.4e-05, 13.3162, 8.932556, 14.106748, 4.263396, 6.392784, 11.373432, 5.330488, 2.769824, 1.860432, 1.792724, 2.19944, 1.738192], "run_counter": 46, "team_name": ["newTeam", "team2", "team3", "team4", "4000", "4000", "hhoiho", "hhoiho", "hhoiho", "jjooo", "jouuu", "newteam", "newteam", "newteam", "huhuiuhoh", "ijijo", "team2", "team2", "team2", "sfpos", "team5000", "teeam", "jioio", "ijoijjh", "ijoijjh", "newTeam", "tuuuu", "poijdsojd", "asda", "kdsgjs", "ijpoii", "teamblaaaa", "teamblaaaa", "sdfsd", "blblaaaaaa", "blblaaaaaa", "looooos", "uzuziuh", "du", "DU", "teambla", "asdasdaasd", "asdasdaasd", "teamloooossss", "blaaaa", "blaaaa"]}