{"difference_to_first": [0.0, 0.0, 0.0, 0.0, 0.0, 4.000000000000002e-06, 1.2000000000000007e-05, 1.2000000000000007e-05, 22.007828], "run_time": [6.4e-05, 6.4e-05, 6.4e-05, 6.4e-05, 6.4e-05, 6.8e-05, 7.6e-05, 7.6e-05, 22.007892], "checkpoint_time": [2.4e-05, 2.4e-05, 2e-05, 2e-05, 2.4e-05, 2.4e-05, 2.4e-05, 2.4e-05, 1.4049], "team_name": ["asdadadas", "123", "kjkjk", "oijoijo", "asdasd", "adsada", "hellau", "", "adasd"], "run_nr": [4, 5, 6, 9, 10, 8, 2, 7, 1]}