{"run_counter": 10, "run_time": [22.007892, 7.6e-05, 3.012512, 6.4e-05, 6.4e-05, 6.4e-05, 7.6e-05, 6.8e-05, 6.4e-05, 6.4e-05], "checkpoint_time": [1.4049, 2.4e-05, 3.012468, 2.4e-05, 2.4e-05, 2e-05, 2.4e-05, 2.4e-05, 2e-05, 2.4e-05], "team_name": ["adasd", "hellau", "hellau", "asdadadas", "123", "kjkjk", "", "adsada", "oijoijo", "asdasd"], "run_nr": [1, 2, 3, 4, 5, 6, 7, 8, 9, 10]}