{"difference_to_first": [0.0, 0.1634199999999999, 0.2456879999999999, 0.40377600000000013, 0.41701200000000016, 0.4846280000000003, 0.6281479999999999, 0.7463440000000001, 0.7702079999999998, 0.9420959999999998, 1.0059159999999996, 1.4540399999999996, 1.7795080000000003], "run_nr": [23, 21, 22, 7, 17, 18, 20, 5, 14, 9, 8, 6, 15], "checkpoint_time": [1.635848, 1.676008, 1.802788, 1.789548, 1.941148, 1.827504, 2.143908, 2.241676, 2.152444, 2.15334, 2.518556, 2.719132, 2.928336], "team_name": ["$-)", "kamm", "Geili Sieche!!!", "ICU", "next_up", "d\u00f6\u00f6d", ":P:)XD", "Chopflos", "Paparazzi_feat_welo", "Paparazzi", "Schwiiz1", "onFire", "inUrFace"], "run_time": [3.885412, 4.048832, 4.1311, 4.289188, 4.302424, 4.37004, 4.51356, 4.631756, 4.65562, 4.827508, 4.891328, 5.339452, 5.66492]}