{"run_nr": [1, 2, 3, 4, 5, 6, 7, 8, 9, 10, 11, 12, 13, 14, 15, 16, 17, 18, 19, 20, 21, 22, 23], "team_name": ["Chopflos", "onFire", "Schwiiz1", "Paparazzi", "Chopflos", "onFire", "ICU", "Schwiiz1", "Paparazzi", "Chopflos", "onFire", "ICU", "Schwiiz1", "Paparazzi_feat_welo", "inUrFace", "next_up", "next_up", "d\u00f6\u00f6d", ":P:)XD", ":P:)XD", "kamm", "Geili Sieche!!!", "$-)"], "run_counter": 23, "points_total": [139, -1744, 170, -4519, 226, 179, 250, 205, 219, 228, -592, -372, -735, 224, 165, -1977.0, 218, 230, 355.5, 253, 367.5, 249, 233], "points_bonus": [0, 0, 0, 0, 0, 0, 0, 0, 0, 0, 0, 0, 0, 0, 0, -659.0, 0, 0, 118.5, 0, 122.5, 0, 0], "checkpoint_time": [2.837664, 34.50998, 2.953152, 80.709708, 2.241676, 2.719132, 1.789548, 2.518556, 2.15334, 2.41328, 15.682076, 12.460552, 18.500576, 2.152444, 2.928336, 2.708868, 1.941148, 1.827504, 2.000956, 2.143908, 1.676008, 1.802788, 1.635848], "total_time": [10.09416, 41.510716, 9.34448, 88.366212, 8.126572, 9.394844, 7.476284, 8.956816, 7.871416, 7.633972, 22.712224, 17.250232, 23.142772, 8.216732, 9.041488, 159.547148, 10.563236, 9.069656, 7.03124, 6.073052, 9.126316, 8.35236, 11.140028], "points_time_total": [139, -175, 146, -643, 158, 146, 165, 150, 161, 163, 12, 67, 8, 157, 149, -1355, 134, 149, 169, 179, 148, 156, 128], "points_time_run": [0, -1569, 24, -3876, 68, 33, 85, 55, 58, 65, -604, -439, -743, 67, 16, 37, 84, 81, 68, 74, 97, 93, 105], "run_time": [5.990236, 37.381368, 5.504276, 83.524696, 4.631756, 5.339452, 4.289188, 4.891328, 4.827508, 4.687544, 18.081524, 14.786456, 20.86578, 4.65562, 5.66492, 5.25696, 4.302424, 4.37004, 4.62274, 4.51356, 4.048832, 4.1311, 3.885412]}