{"difference_to_first": [0.0, 0.0, 0.0, 1.2000000000000007e-05, 0.110304, 2.655756, 3.342448, 3.62122, 4.857892, 5.086692, 9.09326], "checkpoint_time": [2e-05, 2.4e-05, 2e-05, 2.4e-05, 0.002572, 2.655776, 3.342468, 3.621244, 4.857912, 2.4e-05, 2.813444], "team_name": ["team2", "team4", "jjooo", "newTeam", "huhuiuhoh", "4000", "jouuu", "hhoiho", "team3", "newteam", "ijijo"], "run_nr": [2, 4, 10, 1, 15, 6, 11, 7, 3, 14, 16], "run_time": [6.4e-05, 6.4e-05, 6.4e-05, 7.6e-05, 0.110368, 2.65582, 3.342512, 3.621284, 4.857956, 5.086756, 9.093324]}