{"run_counter": 19, "checkpoint_time": [2.4e-05, 2e-05, 4.857912, 2.4e-05, 7.487452, 2.655776, 3.621244, 3.748368, 2.4e-05, 2e-05, 3.342468, 3.673728, 6.939976, 2.4e-05, 0.002572, 2.813444, 2e-05, 4.648504, 1.302028], "team_name": ["newTeam", "team2", "team3", "team4", "4000", "4000", "hhoiho", "hhoiho", "hhoiho", "jjooo", "jouuu", "newteam", "newteam", "newteam", "huhuiuhoh", "ijijo", "team2", "team2", "team2"], "run_nr": [1, 2, 3, 4, 5, 6, 7, 8, 9, 10, 11, 12, 13, 14, 15, 16, 17, 18, 19], "run_time": [7.6e-05, 6.4e-05, 4.857956, 6.4e-05, 11.578512, 2.65582, 3.621284, 16.568984, 14.185508, 6.4e-05, 3.342512, 15.2664, 7.0025, 5.086756, 0.110368, 9.093324, 12.68428, 46.523668, 12.37612]}