{"run_nr": [1, 2], "checkpoint_time": [1.73542, 3.327596], "team_name": ["team0", "lkl"], "difference_to_first": [0.0, 1.5921720000000001], "run_time": [1.735464, 3.327636]}