{"run_time": [6.4e-05, 7.2e-05, 7.6e-05, 4.400032, 6.047216, 6.138716, 7.286312, 8.796064, 10.405784, 12.354412, 13.179164, 16.190612], "difference_to_first": [0.0, 8.000000000000005e-06, 1.2000000000000007e-05, 4.399968, 6.047152, 6.1386519999999996, 7.286248, 8.796, 10.40572, 12.354348, 13.1791, 16.190548000000003], "run_nr": [17, 21, 20, 5, 10, 13, 2, 12, 6, 7, 18, 1], "checkpoint_time": [2.4e-05, 2.4e-05, 2.4e-05, 1.702424, 2.4e-05, 2e-05, 2.4e-05, 3.259284, 5.429932, 4.2376, 6.09426, 11.090592], "team_name": ["sdfgsdfg", "\u0001q", "asd", "C", "lll", "JJJ", "B", "dfg", "hallo", "jj", "hello", "sfdgf"]}