{"run_nr": [1, 2, 3, 4, 5, 6, 7, 8, 9, 10, 11, 12, 13, 14, 15, 16, 17, 18, 19, 20, 21], "run_time": [16.190612, 7.286312, 6.632812, 9.245, 4.400032, 10.405784, 12.354412, 9.455072, 7.64014, 6.047216, 17.584572, 8.796064, 6.138716, 4.767108, 6.845904, 3.755192, 6.4e-05, 13.179164, 9.514332, 7.6e-05, 7.2e-05], "checkpoint_time": [11.090592, 2.4e-05, 2e-05, 3.764744, 1.702424, 5.429932, 4.2376, 4.803132, 2.4e-05, 2.4e-05, 9.221444, 3.259284, 2e-05, 0.525148, 6.845864, 3.755148, 2.4e-05, 6.09426, 2.8e-05, 2.4e-05, 2.4e-05], "run_counter": 21, "team_name": ["sfdgf", "B", "C", "C", "C", "hallo", "jj", "lll", "lll", "lll", "lll", "dfg", "JJJ", "sdfgsdfg", "sdfgsdfg", "sdfgsdfg", "sdfgsdfg", "hello", "asd", "asd", "\u0001q"]}