{"checkpoint_time": [3.2e-05, 1.112516, 1.598956, 1.73542, 2.345272, 3.327596, 7.100496, 2.4e-05], "team_name": ["saadsa", "bla", "11", "team0", "lol", "lkl", "123asd", "team0000"], "run_time": [8.4e-05, 1.112556, 1.598996, 1.735464, 2.345316, 3.327636, 7.10054, 13.627996], "run_nr": [7, 3, 5, 1, 4, 2, 8, 9], "difference_to_first": [0.0, 1.1124720000000001, 1.598912, 1.73538, 2.3452319999999998, 3.327552, 7.100455999999999, 13.627912]}