{"checkpoint_time": [1.73542, 3.327596, 1.112516, 2.345272, 1.598956, 4.065164, 3.2e-05, 7.100496, 2.4e-05], "team_name": ["team0", "lkl", "bla", "lol", "11", "saadsa", "saadsa", "123asd", "team0000"], "run_time": [1.735464, 3.327636, 1.112556, 2.345316, 1.598996, 4.065204, 8.4e-05, 7.10054, 13.627996], "run_counter": 9, "run_nr": [1, 2, 3, 4, 5, 6, 7, 8, 9]}